<?xml version="1.0" encoding="UTF-8"?>
<nalichya>

    <nalichie>
        <id_prod>1</id_prod>
        <id_tovar>1</id_tovar>
        <cena>100</cena>
        <kolvo>10</kolvo>
    </nalichie>

    <nalichie>
        <id_prod>2</id_prod>
        <id_tovar>1</id_tovar>
        <cena>100</cena>
        <kolvo>7</kolvo>
    </nalichie>

    <nalichie>
        <id_prod>2</id_prod>
        <id_tovar>2</id_tovar>
        <cena>200</cena>
        <kolvo>20</kolvo>
    </nalichie>

    <nalichie>
        <id_prod>3</id_prod>
        <id_tovar>3</id_tovar>
        <cena>300</cena>
        <kolvo>30</kolvo>
    </nalichie>

</nalichya>