<?xml version="1.0" encoding="UTF-8"?>
<prodaji>

    <prodaja>
        <id_prodaji>1</id_prodaji>
        <id_prod>1</id_prod>
        <id_tovar>1</id_tovar>
        <kolvo_prodaj>10</kolvo_prodaj>
        <data>20.11.2020</data>
    </prodaja>

    <prodaja>
        <id_prodaji>2</id_prodaji>
        <id_prod>2</id_prod>
        <id_tovar>2</id_tovar>
        <kolvo_prodaj>20</kolvo_prodaj>
        <data>21.11.2020</data>
    </prodaja>

    <prodaja>
        <id_prodaji>3</id_prodaji>
        <id_prod>3</id_prod>
        <id_tovar>3</id_tovar>
        <kolvo_prodaj>30</kolvo_prodaj>
        <data>22.11.2020</data>
    </prodaja>

</prodaji>